{"cameraMode":{"drawMode":0,"name":"Shaded","section":"Shading Mode"},"sceneLighting":false,"audioPlay":false,"sceneViewState":{"m_AlwaysRefresh":false,"showFog":true,"showSkybox":false,"showFlares":true,"showImageEffects":true,"showParticleSystems":true,"showVisualEffectGraphs":true,"m_FxEnabled":true},"in2DMode":false,"pivot":{"x":5.96427059173584,"y":0.631770670413971,"z":-35.013206481933597},"rotation":{"x":0.11195270717144013,"y":-0.02267955057322979,"z":0.0024627104867249729,"w":0.9935043454170227},"size":0.8660253882408142,"orthographic":false}